"id","atores","avaliacao","genero","poster","sinopse","titulo","total_temporadas"
"1","Bryan Cranston, Aaron Paul, Anna Gunn","9.5","CRIME","https://m.media-amazon.com/images/M/MV5BYmQ4YWMxYjUtNjZmYi00MDQ1LWFjMjMtNjA5ZDdiYjdiODU5XkEyXkFqcGdeQXVyMTMzNDExODE5._V1_SX300.jpg","Um professor de química diagnosticado com câncer de pulmão inoperável passa a fabricar e vender metanfetamina com um ex-aluno para garantir o futuro de sua família.","Breaking Bad",5
"2","Lily Collins, Ashley Park, Philippine Leroy-Beaulieu","6.9","COMEDIA","https://m.media-amazon.com/images/M/MV5BYjg0OTY5N2UtZDljZS00NDc2LWI1MDAtMDdmN2Q3OTNkMjA1XkEyXkFqcGdeQXVyMTUzMTg2ODkz._V1_SX300.jpg","Uma jovem americana do Centro-Oeste é contratada por uma empresa de marketing em Paris para fornecer-lhes uma perspectiva americana sobre as coisas.","Emily in Paris",4
"3","Jennifer Aniston, Courteney Cox, Lisa Kudrow","8.9","COMEDIA","https://m.media-amazon.com/images/M/MV5BNDVkYjU0MzctMWRmZi00NTkxLTgwZWEtOWVhYjZlYjllYmU4XkEyXkFqcGdeQXVyNTA4NzY1MzY@._V1_SX300.jpg","Segue a vida pessoal e profissional de seis amigos de vinte a trinta anos que vivem no bairro de Manhattan, em Nova York.","Friends",10
"4","Andrew Lincoln, Norman Reedus, Melissa McBride","8.1","DRAMA","https://m.media-amazon.com/images/M/MV5BNzI5MjUyYTEtMTljZC00NGI5LWFhNWYtYjY0ZTQ5YmEzMWRjXkEyXkFqcGdeQXVyMTY3MDE5MDY1._V1_SX300.jpg","O xerife-adjunto Rick Grimes acorda de um coma para descobrir que o mundo está em ruínas e deve liderar um grupo de sobreviventes para se manter vivo.","The Walking Dead",11
"5","Johnny Galecki, Jim Parsons, Kaley Cuoco","8.1","COMEDIA","https://m.media-amazon.com/images/M/MV5BY2FmZTY5YTktOWRlYy00NmIyLWE0ZmQtZDg2YjlmMzczZDZiXkEyXkFqcGdeQXVyNjg4NzAyOTA@._V1_SX300.jpg","A aspirante a atriz de cinema Penny muda-se para um apartamento em Pasadena do outro lado do corredor dos brilhantes, mas socialmente desajeitados, físicos Sheldon Cooper e Leonard Hofstadter e mostra-lhes o quão pouco sabem sobre a vida fora do laboratório.","The Big Bang Theory",12
"6","Pedro Pascal, Bella Ramsey, Anna Torv","8.7","ACAO","https://m.media-amazon.com/images/M/MV5BZGUzYTI3M2EtZmM0Yy00NGUyLWI4ODEtN2Q3ZGJlYzhhZjU3XkEyXkFqcGdeQXVyNTM0OTY1OQ@@._V1_SX300.jpg","Depois que uma pandemia global destrói a civilização, um sobrevivente endurecido se encarrega de uma menina de 14 anos que pode ser a última esperança da humanidade.","The Last of Us",2
"7","Lady Gaga, Kathy Bates, Angela Bassett","8","DRAMA","https://m.media-amazon.com/images/M/MV5BM2ZlMjQ2ZmEtODEwYi00ZTk5LThmY2UtYWFiNzE3MjZjNzQyXkEyXkFqcGdeQXVyMTU1ODIwMTM1._V1_SX300.jpg","Uma série de antologias centrada em diferentes personagens e locais, mostrando diferentes aspectos do horror.","American Horror Story",12
"8","Hynden Walch, Greg Cipes, Scott Menville","7.9","ANIMACAO","https://m.media-amazon.com/images/M/MV5BNjQ1NjBhZmQtZTlkOC00YTM2LWE3NjgtNmZjOWJhMjRkMTY1XkEyXkFqcGdeQXVyNTgyNTA4MjM@._V1_SX300.jpg","Uma equipe de cinco super-heróis adolescentes salva o mundo de muitos vilões em sua cidade enquanto experimenta coisas que os adolescentes normais enfrentam hoje.","Teen Titans",5
"9","Alexandre Crepet, Junko Takeuchi, Maile Flanagan","8.7","ANIMACAO","https://m.media-amazon.com/images/M/MV5BZGFiMWFhNDAtMzUyZS00NmQ2LTljNDYtMmZjNTc5MDUxMzViXkEyXkFqcGdeQXVyNjAwNDUxODI@._V1_SX300.jpg","Naruto Uzumaki, é um ninja adolescente alto e hiperativo que busca constantemente aprovação e reconhecimento, bem como se tornar Hokage, que é reconhecido como o líder e mais forte de todos os ninjas da aldeia.","Naruto: Shippuden",23
"10","Steve Carell, Jenna Fischer, John Krasinski","9","COMEDIA","https://m.media-amazon.com/images/M/MV5BMDNkOTE4NDQtMTNmYi00MWE0LWE4ZTktYTc0NzhhNWIzNzJiXkEyXkFqcGdeQXVyMzQ2MDI5NjU@._V1_SX300.jpg","Um mockumentary sobre um grupo de trabalhadores de escritório típicos, onde a jornada de trabalho consiste em confrontos de ego, comportamento inadequado, tédio e romance.","The Office",9
"11","David Vincent, Matthew Mercer, Daisuke Ono","8.5","ANIMACAO","https://m.media-amazon.com/images/M/MV5BZDc3NGQ3ZWQtYjNkOC00MjhiLTg2N2YtNmZlOGNiZTFkOWNhXkEyXkFqcGdeQXVyNjc2NjA5MTU@._V1_SX300.jpg","A história da família Joestar, possuída por uma intensa força psíquica, e as aventuras que cada membro encontra ao longo de suas vidas.","JoJo's Bizarre Adventure",5
"12","Jessie James Grelle, Bryce Papenbrook, Trina Nishimura","9.1","ANIMACAO","https://m.media-amazon.com/images/M/MV5BNDFjYTIxMjctYTQ2ZC00OGQ4LWE3OGYtNDdiMzNiNDZlMDAwXkEyXkFqcGdeQXVyNzI3NjY3NjQ@._V1_SX300.jpg","Depois que sua cidade natal é destruída, o jovem Eren Jaeger promete limpar a terra dos Titãs humanóides gigantes que levaram a humanidade à beira da extinção.","Attack on Titan",4
"13","Doc Harris, Christopher Sabat, Scott McNeil","8.8","ANIMACAO","https://m.media-amazon.com/images/M/MV5BNGM5MTEyZDItZWNhOS00NzNkLTgwZTAtNWIzY2IzZmExOWMxXkEyXkFqcGdeQXVyNTA4NzY1MzY@._V1_SX300.jpg","Com a ajuda das poderosas Esferas do Dragão, uma equipe de lutadores liderada pelo guerreiro saiyajin Goku defende o planeta Terra de inimigos extraterrestres.","Dragon Ball Z",16
"14","Ashton Kutcher, Sam Elliott, Grady Lee Richmond","7.5","COMEDIA","https://m.media-amazon.com/images/M/MV5BMTYxOTU5ODE0OV5BMl5BanBnXkFtZTgwNzM0MzQ1MDI@._V1_SX300.jpg","O filho de um fazendeiro do Colorado volta para casa de uma carreira semi-profissional no futebol para administrar o negócio da família.","The Ranch",4
"15","Millie Bobby Brown, Finn Wolfhard, Winona Ryder","8.7","DRAMA","https://m.media-amazon.com/images/M/MV5BMDZkYmVhNjMtNWU4MC00MDQxLWE3MjYtZGMzZWI1ZjhlOWJmXkEyXkFqcGdeQXVyMTkxNjUyNQ@@._V1_SX300.jpg","Quando um garoto desaparece, a cidade toda participa nas buscas. Mas o que encontram são segredos, forças sobrenaturais e uma menina.","Stranger Things",5
"16","Asa Butterfield, Gillian Anderson, Ncuti Gatwa","8.2","COMEDIA","https://m.media-amazon.com/images/M/MV5BOTE0MjQ1NDU3OV5BMl5BanBnXkFtZTgwNTI4MTgwNzM@._V1_SX300.jpg","Um adolescente com uma mãe terapeuta sexual junta-se a um colega de escola para montar uma clínica de terapia sexual clandestina na escola.","Sex Education",4
"17","Don Messick, Casey Kasem, Nicole Jaffe","7.9","ANIMACAO","https://m.media-amazon.com/images/M/MV5BN2EyMmIyMWItZTRiYy00MmE1LTkyOTAtMTliMzYwZGJlYmFjXkEyXkFqcGdeQXVyNTgyNTA4MjM@._V1_SX300.jpg","Um grupo de amigos adolescentes e seu Dogue Alemão (Scooby-Doo) viajam em uma van verde brilhante resolvendo mistérios estranhos e hilariantes, enquanto retornam ou vão a uma função adolescente regular.","Scooby Doo, Where Are You!",3
